col1,col2,col3,col4,col4,col6,col7
row1_col1,row1_col2,row1_col3,row1_col4,row1_col5,row1_col6,row1_col7
row2_col1,row2_col2,row2_col3,row2_col4,row2_col5,row2_col6,row2_col7
row3_col1,row3_col2,row3_col3,row3_col4,row3_col5,row3_col6,row3_col7
row4_col1,row4_col2,row4_col3,row4_col4,row4_col5,row4_col6,row4_col7
row5_col1,row5_col2,row5_col3,row5_col4,row5_col5,row5_col6,row5_col7
row6_col1,row6_col2,row6_col3,row6_col4,row6_col5,row6_col6,row6_col7
row7_col1,row7_col2,row7_col3,row7_col4,row7_col5,row7_col6,row7_col7
row8_col1,row8_col2,row8_col3,row8_col4,row8_col5,row8_col6,row8_col7
row9_col1,row9_col2,row9_col3,row9_col4,row9_col5,row9_col6,row9_col7
